11:24:05.042,0.225,-0.483024,1.279891,0.205187
11:24:05.050,0.233333,-0.483745,1.279837,0.205048
11:24:05.059,0.241667,-0.484456,1.279783,0.204943
11:24:05.067,0.25,-0.485168,1.279829,0.204878
11:24:05.075,0.258333,-0.485873,1.279889,0.204863
11:24:05.084,0.266667,-0.486568,1.279987,0.204886
11:24:05.092,0.275,-0.487273,1.280137,0.204955
11:24:05.100,0.283333,-0.487966,1.280301,0.205048
11:24:05.109,0.291667,-0.488654,1.280496,0.205177
11:24:05.117,0.3,-0.489331,1.280758,0.205378
11:24:05.125,0.308333,-0.489936,1.280988,0.205634
11:24:05.134,0.316667,-0.490471,1.281204,0.205936
11:24:05.142,0.325,-0.490962,1.281489,0.206307
11:24:05.150,0.333333,-0.491407,1.281893,0.206657
11:24:05.159,0.341667,-0.491812,1.282269,0.20703
11:24:05.167,0.35,-0.492206,1.282621,0.207422
11:24:05.175,0.358333,-0.492602,1.282815,0.20786
11:24:05.184,0.366667,-0.492981,1.283018,0.2083
11:24:05.192,0.375,-0.493372,1.283249,0.208725
11:24:05.200,0.383333,-0.493804,1.283483,0.209146
11:24:05.209,0.391667,-0.494277,1.283726,0.209561
11:24:05.217,0.4,-0.494826,1.283968,0.209953
11:24:05.225,0.408333,-0.49544,1.284249,0.21037
11:24:05.234,0.416667,-0.49613,1.284572,0.210801
11:24:05.242,0.425,-0.496927,1.28493,0.211227
11:24:05.250,0.433333,-0.497794,1.285195,0.21167
11:24:05.259,0.441667,-0.498713,1.28544,0.212097
11:24:05.267,0.45,-0.499703,1.285685,0.212548
11:24:05.275,0.458333,-0.500736,1.2859,0.213025
11:24:05.284,0.466667,-0.501847,1.286149,0.213503
11:24:05.292,0.475,-0.503027,1.286306,0.213981
11:24:05.300,0.483333,-0.504279,1.286445,0.214447
11:24:05.309,0.491667,-0.505635,1.286582,0.214841
11:24:05.317,0.5,-0.5071,1.28667,0.215173
11:24:05.325,0.508333,-0.508685,1.286723,0.215405
11:24:05.334,0.516667,-0.510399,1.286736,0.215559
11:24:05.342,0.525,-0.51224,1.286771,0.215571
11:24:05.350,0.533333,-0.514175,1.286712,0.215515
11:24:05.359,0.541667,-0.516239,1.286631,0.215416
11:24:05.367,0.55,-0.518414,1.286506,0.215269
11:24:05.375,0.558333,-0.520679,1.286336,0.215121
11:24:05.384,0.566667,-0.523072,1.286157,0.214939
11:24:05.392,0.575,-0.525592,1.285863,0.214759
11:24:05.400,0.583333,-0.528234,1.285525,0.214553
11:24:05.409,0.591667,-0.53098,1.285159,0.214306
11:24:05.417,0.6,-0.533837,1.284746,0.214036
11:24:05.425,0.608333,-0.536768,1.284265,0.213751
11:24:05.434,0.616667,-0.539747,1.283759,0.213458
11:24:05.442,0.625,-0.542759,1.283245,0.213195
11:24:05.450,0.633333,-0.545762,1.28273,0.212959
11:24:05.459,0.641667,-0.548672,1.282241,0.212786
11:24:05.467,0.65,-0.551479,1.281681,0.212681
11:24:05.475,0.658333,-0.55415,1.281118,0.212653
11:24:05.484,0.666667,-0.556681,1.280578,0.212666
11:24:05.492,0.675,-0.559109,1.280093,0.212696
11:24:05.500,0.683333,-0.561442,1.279541,0.212692
11:24:05.509,0.691667,-0.563738,1.278974,0.212676
11:24:05.517,0.7,-0.565967,1.278404,0.212619
11:24:05.525,0.708333,-0.568182,1.277861,0.212519
11:24:05.534,0.716667,-0.570333,1.277326,0.212388
11:24:05.542,0.725,-0.572451,1.276819,0.21228
11:24:05.550,0.733333,-0.574508,1.276303,0.212185
11:24:05.559,0.741667,-0.576566,1.275761,0.212075
11:24:05.567,0.75,-0.578643,1.275148,0.211979
11:24:05.575,0.758333,-0.580779,1.274486,0.211885
11:24:05.584,0.766667,-0.583037,1.273889,0.211775
11:24:05.592,0.775,-0.585429,1.273071,0.211661
11:24:05.600,0.783333,-0.58796,1.272142,0.211512
11:24:05.609,0.791667,-0.590627,1.2711,0.211414
11:24:05.617,0.8,-0.593448,1.270207,0.211358
11:24:05.625,0.808333,-0.596338,1.268972,0.211325
11:24:05.634,0.816667,-0.599273,1.267601,0.211311
11:24:05.642,0.825,-0.602276,1.266218,0.211316
11:24:05.650,0.833333,-0.605326,1.264907,0.211302
11:24:05.659,0.841667,-0.608436,1.263459,0.211331
11:24:05.667,0.85,-0.611574,1.261673,0.211372
11:24:05.675,0.858333,-0.614787,1.259839,0.211395
11:24:05.684,0.866667,-0.61802,1.257909,0.211448
11:24:05.692,0.875,-0.621295,1.25594,0.211531
11:24:05.700,0.883333,-0.624579,1.253933,0.211646
11:24:05.709,0.891667,-0.627842,1.25185,0.211818
11:24:05.717,0.9,-0.631102,1.249846,0.212048
11:24:05.725,0.908333,-0.634295,1.247762,0.212283
11:24:05.734,0.916667,-0.637465,1.245762,0.212545
11:24:05.742,0.925,-0.640547,1.24359,0.212769
11:24:05.750,0.933333,-0.643534,1.241396,0.212966
11:24:05.759,0.941667,-0.646494,1.239194,0.213172
11:24:05.767,0.95,-0.649428,1.236933,0.213338
11:24:05.775,0.958333,-0.652414,1.234669,0.213544
11:24:05.784,0.966667,-0.655287,1.232311,0.213704
11:24:05.792,0.975,-0.658144,1.229956,0.213895
11:24:05.800,0.983333,-0.660957,1.22755,0.214082
11:24:05.809,0.991667,-0.663737,1.225104,0.214251
11:24:05.817,1,-0.666511,1.222574,0.214423
11:24:05.825,1.008333,-0.669217,1.219883,0.214547
11:24:05.834,1.016667,-0.671967,1.217141,0.214699
11:24:05.842,1.025,-0.674784,1.2143,0.214869
11:24:05.850,1.033333,-0.677542,1.211359,0.215058
11:24:05.859,1.041667,-0.680313,1.208442,0.215276
11:24:05.867,1.05,-0.682947,1.205386,0.215431
11:24:05.875,1.058333,-0.685571,1.202386,0.215582
11:24:05.884,1.066667,-0.688077,1.199317,0.215651
11:24:05.892,1.075,-0.690443,1.196307,0.215651
11:24:05.900,1.083333,-0.692746,1.193241,0.215849
11:24:05.909,1.091667,-0.694953,1.190225,0.215938
11:24:05.917,1.1,-0.697152,1.187297,0.215885
11:24:05.925,1.108333,-0.699129,1.184471,0.215701
11:24:05.934,1.116667,-0.701037,1.181707,0.215495
11:24:05.942,1.125,-0.70279,1.179111,0.215262
11:24:05.950,1.133333,-0.704348,1.176628,0.214962
11:24:05.959,1.141667,-0.705771,1.174285,0.214689
11:24:05.967,1.15,-0.707139,1.172074,0.214491
11:24:05.975,1.158333,-0.7082,1.16994,0.213973
11:24:05.984,1.166667,-0.709304,1.167954,0.213508
11:24:05.992,1.175,-0.710488,1.166156,0.213113
11:24:06.000,1.183333,-0.711515,1.164352,0.212617
11:24:06.009,1.191667,-0.712406,1.162364,0.21218
11:24:06.017,1.2,-0.713331,1.160276,0.211808
11:24:06.025,1.208333,-0.714188,1.158111,0.211564
11:24:06.034,1.216667,-0.715154,1.155781,0.211325
11:24:06.042,1.225,-0.716153,1.153318,0.21107
11:24:06.050,1.233333,-0.717463,1.15111,0.211077
11:24:06.059,1.241667,-0.718538,1.148364,0.21093
11:24:06.067,1.25,-0.719754,1.145426,0.211164
11:24:06.075,1.258333,-0.72083,1.142601,0.211185
11:24:06.084,1.266667,-0.721843,1.139934,0.211519
11:24:06.092,1.275,-0.722831,1.136883,0.211768
11:24:06.100,1.283333,-0.72401,1.133856,0.21209
11:24:06.109,1.291667,-0.725011,1.130851,0.212514
11:24:06.117,1.3,-0.725936,1.128072,0.213143
11:24:06.125,1.308333,-0.726781,1.125003,0.213553
11:24:06.134,1.316667,-0.727593,1.121964,0.213978
11:24:06.142,1.325,-0.728623,1.118981,0.214389
11:24:06.150,1.333333,-0.729354,1.116231,0.214914
11:24:06.159,1.341667,-0.730088,1.113617,0.21533
11:24:06.167,1.35,-0.730688,1.110793,0.215532
11:24:06.175,1.358333,-0.731238,1.107995,0.215657
11:24:06.184,1.366667,-0.731553,1.105202,0.215727
11:24:06.192,1.375,-0.732105,1.10243,0.215751
11:24:06.200,1.383333,-0.732726,1.099647,0.215657
11:24:06.209,1.391667,-0.733288,1.096905,0.215579
11:24:06.217,1.4,-0.733696,1.094161,0.215564
11:24:06.225,1.408333,-0.734125,1.091423,0.215633
11:24:06.234,1.416667,-0.734608,1.088834,0.215682
11:24:06.242,1.425,-0.734894,1.08629,0.216042
11:24:06.250,1.433333,-0.73515,1.08377,0.216561
11:24:06.259,1.441667,-0.735481,1.081296,0.216847
11:24:06.267,1.45,-0.735758,1.079024,0.217156
11:24:06.275,1.458333,-0.736005,1.076837,0.217417
11:24:06.284,1.466667,-0.736173,1.074884,0.217772
11:24:06.292,1.475,-0.73632,1.07324,0.218252
11:24:06.300,1.483333,-0.736222,1.07176,0.218529
11:24:06.309,1.491667,-0.736409,1.070393,0.218782
11:24:06.317,1.5,-0.736674,1.06941,0.218911
11:24:06.325,1.508333,-0.736849,1.068598,0.21921
11:24:06.334,1.516667,-0.736996,1.068049,0.219449
11:24:06.342,1.525,-0.73714,1.06777,0.219757
11:24:06.350,1.533333,-0.73713,1.067341,0.219771
11:24:06.359,1.541667,-0.73738,1.067666,0.220053
11:24:06.367,1.55,-0.737625,1.068085,0.22042
11:24:06.375,1.558333,-0.737767,1.068606,0.220795
11:24:06.384,1.566667,-0.737878,1.069221,0.22116
11:24:06.392,1.575,-0.737977,1.069886,0.221478
11:24:06.400,1.583333,-0.738094,1.070607,0.221835
11:24:06.409,1.591667,-0.73822,1.071388,0.222062
11:24:06.417,1.6,-0.738433,1.07225,0.222237
11:24:06.425,1.608333,-0.7386,1.07312,0.222387
11:24:06.434,1.616667,-0.738709,1.074003,0.222531
11:24:06.442,1.625,-0.738681,1.074889,0.222716
11:24:06.450,1.633333,-0.738665,1.075819,0.222943
11:24:06.459,1.641667,-0.738678,1.076815,0.222962
11:24:06.467,1.65,-0.738731,1.078003,0.223146
11:24:06.475,1.658333,-0.738755,1.079189,0.223239
11:24:06.484,1.666667,-0.738705,1.080482,0.22333
11:24:06.492,1.675,-0.738678,1.081948,0.223516
11:24:06.500,1.683333,-0.738466,1.083499,0.223698
11:24:06.509,1.691667,-0.738362,1.085281,0.223735
11:24:06.517,1.7,-0.738235,1.087281,0.223764
11:24:06.525,1.708333,-0.738858,1.089131,0.225621
11:24:06.534,1.716667,-0.738451,1.091508,0.225415
11:24:06.542,1.725,-0.737888,1.094121,0.224435
11:24:06.550,1.733333,-0.73738,1.096679,0.224152
11:24:06.559,1.741667,-0.736951,1.099319,0.223859
11:24:06.567,1.75,-0.736436,1.102225,0.223451
11:24:06.575,1.758333,-0.735679,1.105161,0.223175
11:24:06.584,1.766667,-0.735058,1.108428,0.222838
11:24:06.592,1.775,-0.734287,1.112027,0.222615
11:24:06.600,1.783333,-0.733227,1.115875,0.222414
11:24:06.609,1.791667,-0.73208,1.120306,0.222351
11:24:06.617,1.8,-0.730871,1.124942,0.221712
11:24:06.625,1.808333,-0.729595,1.129789,0.221361
11:24:06.634,1.816667,-0.72809,1.13473,0.221393
11:24:06.642,1.825,-0.726222,1.140034,0.22107
11:24:06.650,1.833333,-0.724203,1.145471,0.220723
11:24:06.659,1.841667,-0.722037,1.151197,0.220304
11:24:06.667,1.85,-0.719722,1.156864,0.219784
11:24:06.675,1.858333,-0.717235,1.162574,0.219287
11:24:06.684,1.866667,-0.714759,1.168171,0.219187
11:24:06.692,1.875,-0.712154,1.173914,0.218657
11:24:06.700,1.883333,-0.709214,1.179477,0.218134
11:24:06.709,1.891667,-0.706251,1.184758,0.218033
11:24:06.717,1.9,-0.703156,1.189967,0.217543
11:24:06.725,1.908333,-0.700067,1.195171,0.217104
11:24:06.734,1.916667,-0.696927,1.200116,0.216704
11:24:06.742,1.925,-0.69371,1.20482,0.216355
11:24:06.750,1.933333,-0.690328,1.2091,0.215996
11:24:06.759,1.941667,-0.686952,1.21324,0.215711
11:24:06.767,1.95,-0.683691,1.217257,0.215485
11:24:06.775,1.958333,-0.680399,1.220925,0.215256
11:24:06.784,1.966667,-0.677123,1.224343,0.215008
11:24:06.792,1.975,-0.673878,1.227532,0.214755
11:24:06.800,1.983333,-0.670667,1.230456,0.214495
11:24:06.809,1.991667,-0.667476,1.233146,0.214232
11:24:06.817,2,-0.664415,1.235668,0.213983
11:24:06.825,2.008333,-0.661387,1.237965,0.213693
11:24:06.834,2.016667,-0.658472,1.240126,0.213444
11:24:06.842,2.025,-0.655548,1.242062,0.213178
11:24:06.850,2.033333,-0.652659,1.243887,0.212935
11:24:06.859,2.041667,-0.649845,1.245574,0.21273
11:24:06.867,2.05,-0.647041,1.247186,0.212548
11:24:06.875,2.058333,-0.644224,1.248719,0.212395
11:24:06.884,2.066667,-0.641404,1.250306,0.212305
11:24:06.892,2.075,-0.638449,1.251858,0.212177
11:24:06.900,2.083333,-0.635418,1.253462,0.21206
11:24:06.909,2.091667,-0.632261,1.25508,0.211943
11:24:06.917,2.1,-0.628962,1.256717,0.211803
11:24:06.925,2.108333,-0.625562,1.258403,0.211663
11:24:06.934,2.116667,-0.622082,1.260157,0.211543
11:24:06.942,2.125,-0.618503,1.262012,0.211403
11:24:06.950,2.133333,-0.614788,1.263729,0.211296
11:24:06.959,2.141667,-0.61095,1.265384,0.211167
11:24:06.967,2.15,-0.607015,1.267042,0.21111
11:24:06.975,2.158333,-0.602993,1.268692,0.211085
11:24:06.984,2.166667,-0.598884,1.270362,0.211115
11:24:06.992,2.175,-0.59472,1.27201,0.211182
11:24:07.000,2.183333,-0.590508,1.273549,0.211262
11:24:07.009,2.191667,-0.586261,1.275024,0.211354
11:24:07.017,2.2,-0.582081,1.276426,0.211443
11:24:07.025,2.208333,-0.57793,1.277769,0.211545
11:24:07.034,2.216667,-0.573838,1.279132,0.211681
11:24:07.042,2.225,-0.569755,1.280402,0.211825
11:24:07.050,2.233333,-0.565686,1.281473,0.211995
11:24:07.059,2.241667,-0.56162,1.282464,0.212208
11:24:07.067,2.25,-0.557603,1.283336,0.212399
11:24:07.075,2.258333,-0.553673,1.284132,0.212567
11:24:07.084,2.266667,-0.54983,1.284796,0.212648
11:24:07.092,2.275,-0.54612,1.285374,0.212657
11:24:07.100,2.283333,-0.54254,1.285843,0.212531
11:24:07.109,2.291667,-0.539152,1.286163,0.212307
11:24:07.117,2.3,-0.53594,1.286402,0.212019
11:24:07.125,2.308333,-0.532898,1.286561,0.211673
11:24:07.134,2.316667,-0.530003,1.286675,0.211304
11:24:07.142,2.325,-0.527262,1.286729,0.211005
11:24:07.150,2.333333,-0.524607,1.286703,0.210772
11:24:07.159,2.341667,-0.522055,1.286682,0.210623
11:24:07.167,2.35,-0.519559,1.286632,0.210542
11:24:07.175,2.358333,-0.517125,1.286531,0.210507
11:24:07.184,2.366667,-0.514771,1.286444,0.210496
11:24:07.192,2.375,-0.512517,1.286234,0.210472
11:24:07.200,2.383333,-0.510352,1.286024,0.210423
11:24:07.209,2.391667,-0.508336,1.285791,0.210367
11:24:07.217,2.4,-0.506411,1.285591,0.210258
11:24:07.225,2.408333,-0.504606,1.285371,0.210147
11:24:07.234,2.416667,-0.502844,1.285172,0.209993
11:24:07.242,2.425,-0.501123,1.284925,0.209876
11:24:07.250,2.433333,-0.499379,1.284721,0.209816
11:24:07.259,2.441667,-0.497649,1.284543,0.209796
11:24:07.267,2.45,-0.495916,1.2844,0.209861
11:24:07.275,2.458333,-0.494173,1.28423,0.209986
11:24:07.284,2.466667,-0.492429,1.284061,0.210145
11:24:07.292,2.475,-0.490697,1.283894,0.21036
11:24:07.300,2.483333,-0.488951,1.283747,0.210566
11:24:07.309,2.491667,-0.487213,1.283583,0.210764
11:24:07.317,2.5,-0.485485,1.28343,0.210935
11:24:07.325,2.508333,-0.483723,1.283242,0.211075
11:24:07.334,2.516667,-0.481951,1.283024,0.211158
11:24:07.342,2.525,-0.480155,1.282817,0.211189
11:24:07.350,2.533333,-0.478314,1.282613,0.211184
11:24:07.359,2.541667,-0.476434,1.282377,0.211148
11:24:07.367,2.55,-0.474498,1.282113,0.21107
11:24:07.375,2.558333,-0.472523,1.282059,0.210923
11:24:07.384,2.566667,-0.470465,1.281742,0.210813
11:24:07.392,2.575,-0.468387,1.281376,0.210702
11:24:07.400,2.583333,-0.466327,1.280962,0.210579
11:24:07.409,2.591667,-0.464285,1.280515,0.210472
11:24:07.417,2.6,-0.462327,1.280108,0.210387
11:24:07.425,2.608333,-0.460484,1.279641,0.2103
11:24:07.434,2.616667,-0.45873,1.279155,0.21025
11:24:07.442,2.625,-0.457131,1.278637,0.210229
11:24:07.450,2.633333,-0.455621,1.27828,0.210166
11:24:07.459,2.641667,-0.45429,1.277821,0.210169
11:24:07.467,2.65,-0.453102,1.277322,0.210182
11:24:07.475,2.658333,-0.452023,1.276883,0.210145
11:24:07.484,2.666667,-0.451106,1.276237,0.210129
11:24:07.492,2.675,-0.45033,1.275616,0.210077
11:24:07.500,2.683333,-0.449715,1.275045,0.21
11:24:07.509,2.691667,-0.449262,1.274521,0.209867
11:24:07.517,2.7,-0.448978,1.274043,0.209712
11:24:07.525,2.708333,-0.448852,1.273627,0.209569
11:24:07.534,2.716667,-0.448866,1.273285,0.209472
11:24:07.542,2.725,-0.448997,1.273005,0.209429
11:24:07.550,2.733333,-0.449214,1.272778,0.209472
11:24:07.559,2.741667,-0.449475,1.272613,0.209579
11:24:07.567,2.75,-0.449785,1.272496,0.20977
11:24:07.575,2.758333,-0.450078,1.272444,0.210042
11:24:07.584,2.766667,-0.450324,1.272415,0.210334
11:24:07.592,2.775,-0.450533,1.272445,0.210597
11:24:07.600,2.783333,-0.450712,1.272438,0.210814
11:24:07.609,2.791667,-0.450872,1.272452,0.210944
11:24:07.617,2.8,-0.45103,1.272463,0.21098
11:24:07.625,2.808333,-0.451167,1.272516,0.210938
11:24:07.634,2.816667,-0.451302,1.272597,0.210813
11:24:07.642,2.825,-0.451487,1.27263,0.210643
11:24:07.650,2.833333,-0.451715,1.272688,0.210457
11:24:07.659,2.841667,-0.452032,1.272735,0.210278
11:24:07.667,2.85,-0.45249,1.27278,0.210144
11:24:07.675,2.858333,-0.453114,1.272836,0.210048
11:24:07.684,2.866667,-0.453991,1.272925,0.209957
11:24:07.692,2.875,-0.455173,1.273001,0.209874
11:24:07.700,2.883333,-0.456774,1.273077,0.209798
11:24:07.709,2.891667,-0.458856,1.273145,0.209729
11:24:07.717,2.9,-0.461424,1.273261,0.209694
11:24:07.725,2.908333,-0.464452,1.273357,0.209652
11:24:07.734,2.916667,-0.467928,1.273372,0.209605
11:24:07.742,2.925,-0.471795,1.273382,0.209553
11:24:07.750,2.933333,-0.476012,1.273314,0.209482
11:24:07.759,2.941667,-0.48054,1.273208,0.2094
11:24:07.767,2.95,-0.485287,1.273039,0.209295
11:24:07.775,2.958333,-0.49015,1.272801,0.209165
11:24:07.784,2.966667,-0.495093,1.272617,0.209047
11:24:07.792,2.975,-0.499934,1.272357,0.208965
11:24:07.800,2.983333,-0.504579,1.272059,0.208955
11:24:07.809,2.991667,-0.508968,1.271815,0.209074
11:24:07.817,3,-0.513015,1.271602,0.209296
11:24:07.825,3.008333,-0.516669,1.271447,0.209637
11:24:07.834,3.016667,-0.519925,1.27139,0.210088
11:24:07.842,3.025,-0.522742,1.271429,0.210611
11:24:07.850,3.033333,-0.525166,1.271548,0.211161
11:24:07.859,3.041667,-0.527217,1.271752,0.21171
11:24:07.867,3.05,-0.52895,1.272002,0.212227
11:24:07.875,3.058333,-0.530368,1.272311,0.212679
11:24:07.884,3.066667,-0.531537,1.272696,0.213067
11:24:07.892,3.075,-0.532473,1.273123,0.213367
11:24:07.900,3.083333,-0.53322,1.273573,0.213598
11:24:07.909,3.091667,-0.533798,1.274049,0.213765
11:24:07.917,3.1,-0.534254,1.274549,0.213886
11:24:07.925,3.108333,-0.53458,1.275035,0.21397
11:24:07.934,3.116667,-0.534824,1.275547,0.214051
11:24:07.942,3.125,-0.535035,1.276095,0.214182
11:24:07.950,3.133333,-0.535228,1.276665,0.214372
11:24:07.959,3.141667,-0.535424,1.277224,0.214614
11:24:07.967,3.15,-0.535704,1.277711,0.21491
11:24:07.975,3.158333,-0.536127,1.278134,0.21524
11:24:07.984,3.166667,-0.536779,1.27844,0.215612
11:24:07.992,3.175,-0.537749,1.278652,0.216025
11:24:08.000,3.183333,-0.539135,1.278799,0.216435
11:24:08.009,3.191667,-0.540989,1.278734,0.216841
11:24:08.017,3.2,-0.543375,1.278555,0.217322
11:24:08.025,3.208333,-0.546329,1.278238,0.217866
11:24:08.034,3.216667,-0.549768,1.277724,0.218505
11:24:08.042,3.225,-0.553624,1.277053,0.219275
11:24:08.050,3.233333,-0.557851,1.276313,0.220238
11:24:08.059,3.241667,-0.562321,1.275438,0.221357
11:24:08.067,3.25,-0.567005,1.274575,0.222803
11:24:08.075,3.258333,-0.571656,1.273524,0.224234
11:24:08.084,3.266667,-0.576325,1.272425,0.225799
11:24:08.092,3.275,-0.58096,1.271292,0.227449
11:24:08.100,3.283333,-0.585527,1.270173,0.229154
11:24:08.109,3.291667,-0.590047,1.268977,0.230783
11:24:08.117,3.3,-0.594572,1.267854,0.232341
11:24:08.125,3.308333,-0.598983,1.266531,0.233782
11:24:08.134,3.316667,-0.603419,1.265342,0.235097
11:24:08.142,3.325,-0.607797,1.263837,0.236278
11:24:08.150,3.333333,-0.612163,1.262268,0.237313
11:24:08.159,3.341667,-0.616543,1.260642,0.238319
11:24:08.167,3.35,-0.620895,1.258871,0.239275
11:24:08.175,3.358333,-0.625193,1.256993,0.240237
11:24:08.184,3.366667,-0.629434,1.254958,0.241178
11:24:08.192,3.375,-0.633645,1.252772,0.242179
11:24:08.200,3.383333,-0.637784,1.250482,0.243226
11:24:08.209,3.391667,-0.64192,1.24811,0.244323
11:24:08.217,3.4,-0.645951,1.245658,0.245507
11:24:08.225,3.408333,-0.649819,1.243051,0.246741
11:24:08.234,3.416667,-0.653584,1.240444,0.248011
11:24:08.242,3.425,-0.657211,1.237854,0.24923
11:24:08.250,3.433333,-0.660704,1.235285,0.250436
11:24:08.259,3.441667,-0.664113,1.232751,0.25175
11:24:08.267,3.45,-0.667314,1.23018,0.252703
11:24:08.275,3.458333,-0.670384,1.22766,0.253528
11:24:08.284,3.466667,-0.673397,1.225145,0.254178
11:24:08.292,3.475,-0.676249,1.222591,0.254696
11:24:08.300,3.483333,-0.678979,1.219802,0.255394
11:24:08.309,3.491667,-0.681631,1.217286,0.255666
11:24:08.317,3.5,-0.684158,1.21476,0.25588
11:24:08.325,3.508333,-0.686544,1.212227,0.256053
11:24:08.334,3.516667,-0.688846,1.209701,0.256199
11:24:08.342,3.525,-0.691055,1.207185,0.25634
11:24:08.350,3.533333,-0.693228,1.204617,0.256448
11:24:08.359,3.541667,-0.695342,1.20204,0.256594
11:24:08.367,3.55,-0.697354,1.199414,0.256794
11:24:08.375,3.558333,-0.699369,1.196695,0.257023
11:24:08.384,3.566667,-0.701296,1.193965,0.257383
11:24:08.392,3.575,-0.70316,1.191228,0.25783
11:24:08.400,3.583333,-0.704923,1.188417,0.258256
11:24:08.409,3.591667,-0.706465,1.185503,0.258517
11:24:08.417,3.6,-0.707972,1.182476,0.258852
11:24:08.425,3.608333,-0.709577,1.179709,0.259191
11:24:08.434,3.616667,-0.711152,1.176846,0.259267
11:24:08.442,3.625,-0.712592,1.174046,0.259326
11:24:08.450,3.633333,-0.713931,1.171244,0.259228
11:24:08.459,3.641667,-0.715152,1.168543,0.259047
11:24:08.467,3.65,-0.716367,1.165887,0.258755
11:24:08.475,3.658333,-0.717496,1.163364,0.258366
11:24:08.484,3.666667,-0.718576,1.160973,0.257922
11:24:08.492,3.675,-0.719594,1.158643,0.257441
11:24:08.500,3.683333,-0.720531,1.156458,0.256922
11:24:08.509,3.691667,-0.721413,1.154393,0.256384
11:24:08.517,3.7,-0.722217,1.152462,0.255869
11:24:08.525,3.708333,-0.722949,1.150667,0.25539
11:24:08.534,3.716667,-0.723721,1.148976,0.254965
11:24:08.542,3.725,-0.724372,1.147409,0.254604
11:24:08.550,3.733333,-0.725102,1.145946,0.254305
11:24:08.559,3.741667,-0.725735,1.144605,0.25402
11:24:08.567,3.75,-0.726249,1.14334,0.253782
11:24:08.575,3.758333,-0.726866,1.1422,0.253459
11:24:08.584,3.766667,-0.72749,1.14108,0.253105
11:24:08.592,3.775,-0.728101,1.139962,0.252746
11:24:08.600,3.783333,-0.728745,1.138985,0.25247
11:24:08.609,3.791667,-0.729339,1.137717,0.25193
11:24:08.617,3.8,-0.72984,1.136355,0.251391
11:24:08.625,3.808333,-0.730454,1.135117,0.250817
11:24:08.634,3.816667,-0.730831,1.133753,0.250191
11:24:08.642,3.825,-0.731218,1.132391,0.249566
11:24:08.650,3.833333,-0.7317,1.131047,0.248927
11:24:08.659,3.841667,-0.732201,1.129797,0.248285
11:24:08.667,3.85,-0.732886,1.128547,0.247667
11:24:08.675,3.858333,-0.733471,1.127409,0.246823
11:24:08.684,3.866667,-0.734198,1.126333,0.246137
11:24:08.692,3.875,-0.734775,1.125076,0.245457
11:24:08.700,3.883333,-0.730557,1.120948,0.24603
11:24:08.709,3.891667,-0.731941,1.120425,0.245358
11:24:08.717,3.9,-0.733255,1.119474,0.244555
11:24:08.725,3.908333,-0.734353,1.118457,0.243862
11:24:08.734,3.916667,-0.735344,1.117342,0.243294
11:24:08.742,3.925,-0.736335,1.116227,0.242753
11:24:08.750,3.933333,-0.737243,1.115504,0.24236
11:24:08.759,3.941667,-0.737958,1.114341,0.242309
11:24:08.767,3.95,-0.745445,1.127649,0.248737
11:24:08.775,3.958333,-0.751648,1.138299,0.253927
11:24:08.784,3.966667,-0.749824,1.132393,0.251736
11:24:08.792,3.975,-0.751398,1.130945,0.24525
11:24:08.800,3.983333,-0.749632,1.125743,0.244263
11:24:08.809,3.991667,-0.74824,1.121336,0.243381
11:24:08.817,4,-0.747166,1.117566,0.242792
11:24:08.825,4.008333,-0.745833,1.114449,0.242184
11:24:08.834,4.016667,-0.748188,1.115302,0.237227
11:24:08.842,4.025,-0.750087,1.1159,0.233185
11:24:08.850,4.033333,-0.74811,1.112842,0.234366
11:24:08.859,4.041667,-0.746867,1.11013,0.235356
11:24:08.867,4.05,-0.745755,1.107874,0.236138
11:24:08.875,4.058333,-0.744784,1.105931,0.236669
11:24:08.884,4.066667,-0.741958,1.109747,0.227711
11:24:08.892,4.075,-0.74143,1.107442,0.22934
11:24:08.900,4.083333,-0.741261,1.105188,0.230707
11:24:08.909,4.091667,-0.741082,1.103126,0.231692
11:24:08.917,4.1,-0.740865,1.1016,0.231654
11:24:08.925,4.108333,-0.740757,1.100067,0.232105
11:24:08.934,4.116667,-0.740556,1.098619,0.23261
11:24:08.942,4.125,-0.740336,1.097361,0.232998
11:24:08.950,4.133333,-0.740112,1.096303,0.233312
11:24:08.959,4.141667,-0.739923,1.095427,0.233547
11:24:08.967,4.15,-0.739814,1.094805,0.233643
11:24:08.975,4.158333,-0.73962,1.094193,0.233726
11:24:08.984,4.166667,-0.739327,1.093617,0.233671
11:24:08.992,4.175,-0.739021,1.093176,0.233565
11:24:09.000,4.183333,-0.738856,1.092878,0.233395
11:24:09.009,4.191667,-0.738671,1.092829,0.233105
11:24:09.017,4.2,-0.738379,1.092888,0.232857
11:24:09.025,4.208333,-0.738292,1.093086,0.232489
11:24:09.034,4.216667,-0.738135,1.093788,0.232193
11:24:09.042,4.225,-0.738033,1.094855,0.231948
11:24:09.050,4.233333,-0.73724,1.096209,0.231787
11:24:09.059,4.241667,-0.736961,1.09796,0.231168
11:24:09.067,4.25,-0.736844,1.099846,0.23127
11:24:09.075,4.258333,-0.736599,1.102046,0.231267
11:24:09.084,4.266667,-0.736293,1.104658,0.231286
11:24:09.092,4.275,-0.735831,1.107536,0.231312
11:24:09.100,4.283333,-0.735336,1.110902,0.231419
11:24:09.109,4.291667,-0.7348,1.114336,0.231334
11:24:09.117,4.3,-0.734101,1.118035,0.231215
11:24:09.125,4.308333,-0.733356,1.122251,0.231011
11:24:09.134,4.316667,-0.732502,1.126464,0.230558
11:24:09.142,4.325,-0.731574,1.130863,0.230402
11:24:09.150,4.333333,-0.730506,1.13543,0.230147
11:24:09.159,4.341667,-0.729219,1.14028,0.229876
11:24:09.167,4.35,-0.727748,1.145476,0.229251
11:24:09.175,4.358333,-0.72605,1.150804,0.228684
11:24:09.184,4.366667,-0.724162,1.156253,0.228116
11:24:09.192,4.375,-0.72202,1.161866,0.227556
11:24:09.200,4.383333,-0.719722,1.167519,0.226971
11:24:09.209,4.391667,-0.717092,1.173205,0.226436
11:24:09.217,4.4,-0.714343,1.178996,0.226
11:24:09.225,4.408333,-0.711441,1.184876,0.225356
11:24:09.234,4.416667,-0.70807,1.190625,0.224655
11:24:09.242,4.425,-0.70447,1.196402,0.223821
11:24:09.250,4.433333,-0.700658,1.202145,0.222931
11:24:09.259,4.441667,-0.696672,1.207833,0.221933
11:24:09.267,4.45,-0.692436,1.213432,0.220841
11:24:09.275,4.458333,-0.687988,1.218974,0.21969
11:24:09.284,4.466667,-0.683508,1.224581,0.218489
11:24:09.292,4.475,-0.678753,1.22983,0.217267
11:24:09.300,4.483333,-0.673879,1.234947,0.216048
11:24:09.309,4.491667,-0.668939,1.240104,0.214807
11:24:09.317,4.5,-0.663797,1.244818,0.213574
11:24:09.325,4.508333,-0.658553,1.249349,0.212324
11:24:09.334,4.516667,-0.653187,1.253779,0.210977
11:24:09.342,4.525,-0.647858,1.257907,0.209752
11:24:09.350,4.533333,-0.642623,1.261976,0.208528
11:24:09.359,4.541667,-0.637396,1.265823,0.207325
11:24:09.367,4.55,-0.632169,1.269426,0.20611
11:24:09.375,4.558333,-0.626985,1.272864,0.204974
11:24:09.384,4.566667,-0.621787,1.276038,0.203965
11:24:09.392,4.575,-0.616586,1.278939,0.203051
11:24:09.400,4.583333,-0.61138,1.281691,0.202219
11:24:09.409,4.591667,-0.60618,1.284255,0.201416
11:24:09.417,4.6,-0.600997,1.28668,0.200652
11:24:09.425,4.608333,-0.595843,1.288938,0.199921
11:24:09.434,4.616667,-0.590769,1.29104,0.199183
11:24:09.442,4.625,-0.585723,1.293012,0.198388
11:24:09.450,4.633333,-0.580703,1.294867,0.197547
11:24:09.459,4.641667,-0.575673,1.296578,0.196619
11:24:09.467,4.65,-0.570637,1.298199,0.195652
11:24:09.475,4.658333,-0.565612,1.299675,0.194609
11:24:09.484,4.666667,-0.560602,1.301033,0.193529
11:24:09.492,4.675,-0.555611,1.302279,0.192431
11:24:09.500,4.683333,-0.55064,1.303519,0.191307
11:24:09.509,4.691667,-0.545668,1.304567,0.190224
11:24:09.517,4.7,-0.540703,1.305534,0.189163
11:24:09.525,4.708333,-0.535774,1.306387,0.188145
11:24:09.534,4.716667,-0.530869,1.307146,0.187191
11:24:09.542,4.725,-0.526021,1.307833,0.186333
11:24:09.550,4.733333,-0.521244,1.308437,0.185556
11:24:09.559,4.741667,-0.516554,1.308957,0.184873
11:24:09.567,4.75,-0.511974,1.309487,0.184238
11:24:09.575,4.758333,-0.507537,1.310034,0.183658
11:24:09.584,4.766667,-0.503258,1.310461,0.183178
11:24:09.592,4.775,-0.499124,1.310608,0.18283
11:24:09.600,4.783333,-0.495179,1.310695,0.182499
11:24:09.609,4.791667,-0.491398,1.310909,0.182153
11:24:09.617,4.8,-0.487792,1.311022,0.181858
11:24:09.625,4.808333,-0.484327,1.311052,0.181593
11:24:09.634,4.816667,-0.480985,1.311023,0.181348
11:24:09.642,4.825,-0.477739,1.310905,0.181143
11:24:09.650,4.833333,-0.474573,1.310735,0.180946
11:24:09.659,4.841667,-0.47147,1.310512,0.180801
11:24:09.667,4.85,-0.468439,1.310213,0.180672
11:24:09.675,4.858333,-0.465467,1.309889,0.180537
11:24:09.684,4.866667,-0.462569,1.309507,0.180423
11:24:09.692,4.875,-0.459732,1.309055,0.180319
11:24:09.700,4.883333,-0.45696,1.308566,0.180207
11:24:09.709,4.891667,-0.454273,1.30802,0.180092
11:24:09.717,4.9,-0.451645,1.30746,0.179879
11:24:09.725,4.908333,-0.449118,1.306861,0.179626
11:24:09.734,4.916667,-0.446697,1.306199,0.179373
11:24:09.742,4.925,-0.44436,1.305511,0.179053
11:24:09.750,4.933333,-0.442137,1.30479,0.17871
11:24:09.759,4.941667,-0.440006,1.304071,0.178327
11:24:09.767,4.95,-0.437987,1.303334,0.177926
11:24:09.775,4.958333,-0.436086,1.302592,0.177541
11:24:09.784,4.966667,-0.434325,1.301864,0.177155
11:24:09.792,4.975,-0.432709,1.301132,0.176779
11:24:09.800,4.983333,-0.431247,1.300361,0.176473
11:24:09.809,4.991667,-0.429981,1.299615,0.176181
11:24:09.817,5,-0.428962,1.298898,0.175899
11:24:09.825,5.008333,-0.428199,1.298237,0.175633
11:24:09.834,5.016667,-0.427709,1.29762,0.175357
11:24:09.842,5.025,-0.427452,1.297016,0.17512
11:24:09.850,5.033333,-0.427418,1.296442,0.174904
11:24:09.859,5.041667,-0.427559,1.295881,0.174732
11:24:09.867,5.05,-0.427828,1.295357,0.174593
11:24:09.875,5.058333,-0.428191,1.294877,0.174448
11:24:09.884,5.066667,-0.428604,1.294393,0.174351
11:24:09.892,5.075,-0.429071,1.293908,0.174269
11:24:09.900,5.083333,-0.429585,1.293459,0.174187
11:24:09.909,5.091667,-0.430138,1.293051,0.17408
11:24:09.917,5.1,-0.430739,1.29266,0.17395
11:24:09.925,5.108333,-0.431353,1.292344,0.173768
11:24:09.934,5.116667,-0.431966,1.29204,0.173572
11:24:09.942,5.125,-0.432577,1.291766,0.173368
11:24:09.950,5.133333,-0.433175,1.291504,0.173172
11:24:09.959,5.141667,-0.433762,1.291247,0.173014
11:24:09.967,5.15,-0.434339,1.290965,0.172902
11:24:09.975,5.158333,-0.434867,1.290749,0.172809
11:24:09.984,5.166667,-0.43534,1.290608,0.172743
11:24:09.992,5.175,-0.435751,1.290509,0.172698
11:24:10.000,5.183333,-0.436108,1.29045,0.172672
11:24:10.009,5.191667,-0.436375,1.290543,0.172635
11:24:10.017,5.2,-0.436599,1.290662,0.172626
11:24:10.025,5.208333,-0.436794,1.29079,0.172634
11:24:10.034,5.216667,-0.437006,1.290885,0.172691
11:24:10.042,5.225,-0.437217,1.291004,0.172746
11:24:10.050,5.233333,-0.437449,1.291165,0.172784
11:24:10.059,5.241667,-0.437716,1.291366,0.172806
11:24:10.067,5.25,-0.438042,1.291572,0.172825
11:24:10.075,5.258333,-0.438448,1.291867,0.172799
11:24:10.084,5.266667,-0.438933,1.292177,0.172797
11:24:10.092,5.275,-0.439513,1.292512,0.172819
11:24:10.100,5.283333,-0.440211,1.29287,0.172903
11:24:10.109,5.291667,-0.441061,1.293214,0.17304
11:24:10.117,5.3,-0.44206,1.293644,0.173168
11:24:10.125,5.308333,-0.443269,1.294091,0.173354
11:24:10.134,5.316667,-0.444705,1.294554,0.173569
11:24:10.142,5.325,-0.446444,1.295005,0.173804
11:24:10.150,5.333333,-0.448526,1.295517,0.174024
11:24:10.159,5.341667,-0.451013,1.295856,0.174286
11:24:10.167,5.35,-0.453869,1.296205,0.174489
11:24:10.175,5.358333,-0.457062,1.296731,0.17461
11:24:10.184,5.366667,-0.460597,1.297244,0.17469
11:24:10.192,5.375,-0.464445,1.297646,0.174803
11:24:10.200,5.383333,-0.468448,1.297877,0.174958
11:24:10.209,5.391667,-0.472626,1.298088,0.175142
11:24:10.217,5.4,-0.476885,1.298281,0.175395
11:24:10.225,5.408333,-0.481183,1.298458,0.175686
11:24:10.234,5.416667,-0.485509,1.298595,0.176001
11:24:10.242,5.425,-0.489891,1.298682,0.176322
11:24:10.250,5.433333,-0.494284,1.298707,0.176655
11:24:10.259,5.441667,-0.498695,1.298655,0.176933
11:24:10.267,5.45,-0.503102,1.298554,0.177155
11:24:10.275,5.458333,-0.507517,1.298417,0.177324
11:24:10.284,5.466667,-0.511907,1.298251,0.177459
11:24:10.292,5.475,-0.516227,1.298048,0.177594
11:24:10.300,5.483333,-0.520468,1.29781,0.177781
11:24:10.309,5.491667,-0.524624,1.297582,0.178046
11:24:10.317,5.5,-0.528727,1.297303,0.178382
11:24:10.325,5.508333,-0.532763,1.297064,0.17881
11:24:10.334,5.516667,-0.536754,1.296784,0.179326
11:24:10.342,5.525,-0.540689,1.296499,0.179909
11:24:10.350,5.533333,-0.544619,1.296134,0.180553
11:24:10.359,5.541667,-0.548553,1.295786,0.18124
11:24:10.367,5.55,-0.552488,1.295526,0.181961
11:24:10.375,5.558333,-0.55639,1.29508,0.182716
11:24:10.384,5.566667,-0.560326,1.294705,0.183486
11:24:10.392,5.575,-0.564244,1.294128,0.184357
11:24:10.400,5.583333,-0.568192,1.293456,0.185264
11:24:10.409,5.591667,-0.57221,1.292731,0.186208
11:24:10.417,5.6,-0.57628,1.291875,0.187198
11:24:10.425,5.608333,-0.580448,1.290856,0.18818
11:24:10.434,5.616667,-0.584678,1.289754,0.189176
11:24:10.442,5.625,-0.588962,1.288524,0.190185
11:24:10.450,5.633333,-0.593288,1.287158,0.191189
11:24:10.459,5.641667,-0.597613,1.285743,0.192212
11:24:10.467,5.65,-0.601929,1.284268,0.193251
11:24:10.475,5.658333,-0.606216,1.282694,0.194318
11:24:10.484,5.666667,-0.610469,1.280977,0.195364
11:24:10.492,5.675,-0.614713,1.279196,0.196422
11:24:10.500,5.683333,-0.618971,1.277261,0.197448
11:24:10.509,5.691667,-0.623281,1.275269,0.198471
11:24:10.517,5.7,-0.627641,1.273029,0.199402
11:24:10.525,5.708333,-0.632135,1.270767,0.200291
11:24:10.534,5.716667,-0.636597,1.268332,0.201138
11:24:10.542,5.725,-0.64099,1.265655,0.20197
11:24:10.550,5.733333,-0.645281,1.262889,0.202791
11:24:10.559,5.741667,-0.649341,1.260018,0.20364
11:24:10.567,5.75,-0.65326,1.257157,0.20448
11:24:10.575,5.758333,-0.657003,1.254434,0.205371
11:24:10.584,5.766667,-0.660535,1.251806,0.206208
11:24:10.592,5.775,-0.66385,1.249181,0.206948
11:24:10.600,5.783333,-0.666898,1.246593,0.207556
11:24:10.609,5.791667,-0.669763,1.244018,0.208009
11:24:10.617,5.8,-0.672509,1.241528,0.208312
11:24:10.625,5.808333,-0.675192,1.239096,0.208555
11:24:10.634,5.816667,-0.677899,1.236913,0.208715
11:24:10.642,5.825,-0.680513,1.234776,0.208827
11:24:10.650,5.833333,-0.682887,1.232375,0.208926
11:24:10.659,5.841667,-0.685093,1.229959,0.209052
11:24:10.667,5.85,-0.687272,1.227559,0.209272
11:24:10.675,5.858333,-0.689449,1.225068,0.209572
11:24:10.684,5.866667,-0.69166,1.22276,0.209829
11:24:10.692,5.875,-0.693897,1.2202,0.210149
11:24:10.700,5.883333,-0.696194,1.217753,0.210492
11:24:10.709,5.891667,-0.698356,1.214997,0.210815
11:24:10.717,5.9,-0.700553,1.212189,0.211145
11:24:10.725,5.908333,-0.702734,1.209254,0.211523
11:24:10.734,5.916667,-0.705022,1.206385,0.211819
11:24:10.742,5.925,-0.707151,1.203328,0.211999
11:24:10.750,5.933333,-0.709435,1.200137,0.212278
11:24:10.759,5.941667,-0.711631,1.196772,0.212799
11:24:10.767,5.95,-0.713892,1.193476,0.212992
11:24:10.775,5.958333,-0.716083,1.190112,0.213167
11:24:10.784,5.966667,-0.717956,1.186698,0.213289
11:24:10.792,5.975,-0.719818,1.183014,0.213552
11:24:10.800,5.983333,-0.721768,1.179349,0.213799
11:24:10.809,5.991667,-0.723574,1.175602,0.213984
11:24:10.817,6,-0.725434,1.171798,0.214228
11:24:10.825,6.008333,-0.727252,1.167954,0.214461
11:24:10.834,6.016667,-0.728921,1.163957,0.214824
11:24:10.842,6.025,-0.730552,1.160079,0.214992
11:24:10.850,6.033333,-0.732036,1.156194,0.214806
11:24:10.859,6.041667,-0.733455,1.152202,0.2146
11:24:10.867,6.05,-0.734898,1.14801,0.214916
11:24:10.875,6.058333,-0.736194,1.143813,0.214755
11:24:10.884,6.066667,-0.737352,1.139396,0.214663
11:24:10.892,6.075,-0.738502,1.134858,0.214721
11:24:10.900,6.083333,-0.739495,1.130334,0.214568
11:24:10.909,6.091667,-0.740422,1.125757,0.214433
11:24:10.917,6.1,-0.741211,1.121302,0.214279
11:24:10.925,6.108333,-0.741982,1.116969,0.21429
11:24:10.934,6.116667,-0.742684,1.112826,0.214297
11:24:10.942,6.125,-0.743313,1.108909,0.214338
11:24:10.950,6.133333,-0.743756,1.105323,0.213919
11:24:10.959,6.141667,-0.744255,1.101935,0.214082
11:24:10.967,6.15,-0.744454,1.098873,0.213739
11:24:10.975,6.158333,-0.744643,1.096074,0.213477
11:24:10.984,6.166667,-0.744748,1.093445,0.213209
11:24:10.992,6.175,-0.744778,1.091084,0.212925
11:24:11.000,6.183333,-0.744778,1.08891,0.212603
11:24:11.009,6.191667,-0.744784,1.086944,0.212296
11:24:11.017,6.2,-0.744751,1.085226,0.211999
11:24:11.025,6.208333,-0.744734,1.083611,0.211711
11:24:11.034,6.216667,-0.744607,1.082059,0.212102
11:24:11.042,6.225,-0.744897,1.080714,0.212597
11:24:11.050,6.233333,-0.744966,1.079433,0.212959
11:24:11.059,6.241667,-0.744747,1.078287,0.21323
11:24:11.067,6.25,-0.744493,1.077267,0.213475
11:24:11.075,6.258333,-0.744511,1.07637,0.213869
11:24:11.084,6.266667,-0.744456,1.075428,0.214054
11:24:11.092,6.275,-0.744327,1.074509,0.214272
11:24:11.100,6.283333,-0.744224,1.073672,0.21452
11:24:11.109,6.291667,-0.744043,1.072777,0.214643
11:24:11.117,6.3,-0.743836,1.071788,0.214676
11:24:11.125,6.308333,-0.743707,1.070866,0.214712
11:24:11.134,6.316667,-0.743518,1.069896,0.214722
11:24:11.142,6.325,-0.74329,1.068843,0.214664
11:24:11.150,6.333333,-0.743083,1.067866,0.214629
11:24:11.159,6.341667,-0.74286,1.067009,0.214558
11:24:11.167,6.35,-0.742678,1.06623,0.214474
11:24:11.175,6.358333,-0.742491,1.065579,0.214402
11:24:11.184,6.366667,-0.742266,1.064975,0.21441
11:24:11.192,6.375,-0.742115,1.064653,0.214374
11:24:11.200,6.383333,-0.741982,1.064533,0.214348
11:24:11.209,6.391667,-0.741861,1.064608,0.214376
11:24:11.217,6.4,-0.741784,1.064962,0.214347
11:24:11.225,6.408333,-0.74173,1.065512,0.21441
11:24:11.234,6.416667,-0.741682,1.066433,0.214445
11:24:11.242,6.425,-0.741479,1.067846,0.214385
11:24:11.250,6.433333,-0.741487,1.069498,0.214449
11:24:11.259,6.441667,-0.741451,1.07153,0.214478
11:24:11.267,6.45,-0.741511,1.074084,0.214631
11:24:11.275,6.458333,-0.741443,1.076826,0.214708
11:24:11.284,6.466667,-0.741387,1.079887,0.214699
11:24:11.292,6.475,-0.741293,1.083051,0.214615
11:24:11.300,6.483333,-0.741106,1.086251,0.214666
11:24:11.309,6.491667,-0.74081,1.089685,0.214091
11:24:11.317,6.5,-0.740782,1.093028,0.21415
11:24:11.325,6.508333,-0.740732,1.096544,0.21424
11:24:11.334,6.516667,-0.740461,1.100031,0.214401
11:24:11.342,6.525,-0.740043,1.103541,0.214568
11:24:11.350,6.533333,-0.739655,1.107215,0.21466
11:24:11.359,6.541667,-0.739106,1.110989,0.214713
11:24:11.367,6.55,-0.738552,1.1149,0.21484
11:24:11.375,6.558333,-0.737846,1.11882,0.215209
11:24:11.384,6.566667,-0.737,1.123096,0.215128
11:24:11.392,6.575,-0.736094,1.127477,0.215349
11:24:11.400,6.583333,-0.735094,1.131978,0.215528
11:24:11.409,6.591667,-0.733934,1.136599,0.215604
11:24:11.417,6.6,-0.732589,1.141433,0.215295
11:24:11.425,6.608333,-0.731036,1.146392,0.214664
11:24:11.434,6.616667,-0.729338,1.151213,0.214432
11:24:11.442,6.625,-0.72753,1.156089,0.21418
11:24:11.450,6.633333,-0.725613,1.161058,0.213825
11:24:11.459,6.641667,-0.723406,1.166049,0.213368
11:24:11.467,6.65,-0.721016,1.171013,0.212958
11:24:11.475,6.658333,-0.718612,1.176045,0.212399
11:24:11.484,6.666667,-0.723878,1.18286,0.212523
11:24:11.492,6.675,-0.720009,1.187633,0.211765
11:24:11.500,6.683333,-0.716104,1.192521,0.211001
11:24:11.509,6.691667,-0.712123,1.19721,0.210221
11:24:11.517,6.7,-0.708127,1.20196,0.209444
11:24:11.525,6.708333,-0.704194,1.206846,0.208747
11:24:11.534,6.716667,-0.70026,1.211687,0.207921
11:24:11.542,6.725,-0.696303,1.216481,0.207163
11:24:11.550,6.733333,-0.692239,1.221166,0.206406
11:24:11.559,6.741667,-0.688168,1.225719,0.205708
